SQL> @waiwaiwong_assignment2.sql
SQL> SET feedback 1
SQL> SET pagesize 999
SQL> SET trimspool on
SQL> SET linesize 200
SQL> SET tab off
SQL> CLEAR columns
SQL> 
SQL> /* Wai Wai Wong */
SQL> 
SQL> /* Query 1 */
SQL> 
SQL> SELECT last_name||', '||first_name "Name", student_id
  2  FROM student;

Name                             STUDE
-------------------------------- -----
Zhang, Jose                      00128
Shankar, Mickey                  12345
Brandt, Rajesh                   19991
Chavez, Deborah                  23121
Peltier, Brian                   44553
Levy, Amir                       45678
Williams, Amr                    54321
Sanchez, Sam                     55739
John, Snow                       70557
Brown, Snow                      76543
Bourikas, Brian                  8765
George, Tanaka                   98988
John, Ho                         98765

13 rows selected.

SQL> 
SQL> /* Query 2 */
SQL> 
SQL> SELECT DISTINCT building
  2  FROM classroom;

BUILDING
---------------
Painter
Watson
Taylor
Packard

4 rows selected.

SQL> 
SQL> /* Query 3 */
SQL> 
SQL> SELECT course_id, sec_id, semester_id
  2  FROM section
  3  WHERE semester_id = 'Sp09';

COURSE_ID  SEC_ID   SEME
---------- -------- ----
CS-190     1        Sp09
CS-190     2        Sp09
CS-347     1        Sp09
EE-181     1        Sp09
EN-1000    1        Sp09

5 rows selected.

SQL> 
SQL> /* Query 4 */
SQL> 
SQL> SELECT course_id, title, dept_id, credits, prereq
  2  FROM course
  3  WHERE prereq IS NULL;

COURSE_ID  TITLE                                                 DEPT_ID    CREDITS PREREQ
---------- -------------------------------------------------- ---------- ---------- ----------
BIO-399    Computational Biology                                       1          3
CS-319     Image Processing                                            2          3
CS-347     Database System Concepts                                    2          3
EE-181     Intro. to Digital Systems                                   3          3
FIN-201    Investment Banking                                          4          3
HIS-351    World History                                               5          3
MU-199     Music Video Production                                      6          3
PHY-101    Physical Principles                                         7          4
EN-1000    Basic English                                               8          1

9 rows selected.

SQL> 
SQL> /* Query 5 */
SQL> 
SQL> SELECT faculty_id, name, dept_id, salary
  2  FROM faculty
  3  ORDER BY dept_id DESC, name ASC;

FACUL NAME                    DEPT_ID     SALARY
----- -------------------- ---------- ----------
98377 Brad                          8      80000
16665 Einstein                      7      95000
33456 Gold                          7      87000
15151 Mozart                        6      40000
58583 Califieri                     5      62000
32343 El Said                       5      60000
76544 Singh                         4      80000
12121 Wu                            4      90000
98345 Kim                           3      80000
83821 Brandt                        2      92000
45565 Katz                          2      75000
10101 Srinivasan                    2      65000
76766 Crick                         1      72000

13 rows selected.

SQL> 
SQL> /* Query 6 */
SQL> 
SQL> SELECT course_id, title, dept_id
  2  FROM course
  3  ORDER BY course_id;

COURSE_ID  TITLE                                                 DEPT_ID
---------- -------------------------------------------------- ----------
BIO-101    Intro. to Biology                                           1
BIO-301    Genetics                                                    1
BIO-399    Computational Biology                                       1
CS-101     Intro. to Computer Science                                  2
CS-190     Game Design                                                 2
CS-315     Robotics                                                    2
CS-319     Image Processing                                            2
CS-347     Database System Concepts                                    2
EE-181     Intro. to Digital Systems                                   3
EN-1000    Basic English                                               8
FIN-201    Investment Banking                                          4
HIS-351    World History                                               5
MU-199     Music Video Production                                      6
PHY-101    Physical Principles                                         7

14 rows selected.

SQL> 
SQL> /* Query 7*/
SQL> 
SQL> SELECT name
  2  FROM faculty
  3  ORDER BY name;

NAME
--------------------
Brad
Brandt
Califieri
Crick
Einstein
El Said
Gold
Katz
Kim
Mozart
Singh
Srinivasan
Wu

13 rows selected.

SQL> 
SQL> /* Query 8 */
SQL> 
SQL> SELECT course_id, title, dept_id, credits, prereq
  2  FROM course
  3  WHERE prereq = 'EN-100';

COURSE_ID  TITLE                                                 DEPT_ID    CREDITS PREREQ
---------- -------------------------------------------------- ---------- ---------- ----------
BIO-101    Intro. to Biology                                           1          4 EN-100
CS-101     Intro. to Computer Science                                  2          4 EN-100

2 rows selected.

SQL> 
SQL> /* Query 9 */
SQL> 
SQL> SELECT course_id, title, dept_id
  2  FROM course
  3  WHERE course_id < 'CS-101';

COURSE_ID  TITLE                                                 DEPT_ID
---------- -------------------------------------------------- ----------
BIO-101    Intro. to Biology                                           1
BIO-301    Genetics                                                    1
BIO-399    Computational Biology                                       1

3 rows selected.

SQL> 
SQL> /* Query 10 */
SQL> 
SQL> SELECT name, salary, dept_id
  2  FROM faculty
  3  WHERE salary < 80000;

NAME                     SALARY    DEPT_ID
-------------------- ---------- ----------
Srinivasan                65000          2
Mozart                    40000          6
El Said                   60000          5
Katz                      75000          2
Califieri                 62000          5
Crick                     72000          1

6 rows selected.

SQL> 
SQL> /* Query 11 */
SQL> 
SQL> SELECT DISTINCT course_id
  2  FROM section;

COURSE_ID
----------
EE-181
HIS-351
EN-1000
CS-101
CS-347
BIO-101
CS-319
FIN-201
PHY-101
CS-315
CS-190
MU-199
BIO-301

13 rows selected.

SQL> 
SQL> /* Query 12 */
SQL> 
SQL> SELECT *
  2  FROM course
  3  WHERE course_id = 'CS-101';

COURSE_ID  TITLE                                                 DEPT_ID    CREDITS PREREQ
---------- -------------------------------------------------- ---------- ---------- ----------
CS-101     Intro. to Computer Science                                  2          4 EN-100

1 row selected.

SQL> spool off
